Access_Point_Name,BSSID-MAC,SSID-2.4_and_5
wap-0563-01,44:12:44:6d:d8:00,IllinoisNet
wap-0563-01,44:12:44:6d:d8:02,IllinoisNet_Guest
wap-0563-01,44:12:44:6d:d8:01,eduroam
wap-0563-01,44:12:44:6d:d7:e2,IllinoisNet_Guest
wap-0563-01,44:12:44:6d:d7:e1,eduroam
wap-0563-01,44:12:44:6d:d7:e0,IllinoisNet
wap-0563-02,44:12:44:69:ea:42,IllinoisNet_Guest
wap-0563-02,44:12:44:69:ea:41,eduroam
wap-0563-02,44:12:44:69:ea:40,IllinoisNet
wap-0563-02,44:12:44:69:ea:22,IllinoisNet_Guest
wap-0563-02,44:12:44:69:ea:21,eduroam
wap-0563-02,44:12:44:69:ea:20,IllinoisNet
wap-0563-03,44:12:44:69:66:10,IllinoisNet
wap-0563-03,44:12:44:69:66:12,IllinoisNet_Guest
wap-0563-03,44:12:44:69:66:11,eduroam
wap-0563-03,44:12:44:69:65:f1,eduroam
wap-0563-03,44:12:44:69:65:f2,IllinoisNet_Guest
wap-0563-03,44:12:44:69:65:f0,IllinoisNet
wap-0563-04,44:12:44:6d:0e:40,IllinoisNet
wap-0563-04,44:12:44:6d:0e:41,eduroam
wap-0563-04,44:12:44:6d:0e:42,IllinoisNet_Guest
wap-0563-04,44:12:44:6d:0e:22,IllinoisNet_Guest
wap-0563-04,44:12:44:6d:0e:21,eduroam
wap-0563-04,44:12:44:6d:0e:20,IllinoisNet
wap-0563-05,44:12:44:6e:b2:d0,IllinoisNet
wap-0563-05,44:12:44:6e:b2:d1,eduroam
wap-0563-05,44:12:44:6e:b2:d2,IllinoisNet_Guest
wap-0563-05,44:12:44:6e:b2:b1,eduroam
wap-0563-05,44:12:44:6e:b2:b0,IllinoisNet
wap-0563-05,44:12:44:6e:b2:b2,IllinoisNet_Guest
wap-0563-06,44:12:44:6b:d3:41,eduroam
wap-0563-06,44:12:44:6b:d3:40,IllinoisNet
wap-0563-06,44:12:44:6b:d3:42,IllinoisNet_Guest
wap-0563-06,44:12:44:6b:d3:22,IllinoisNet_Guest
wap-0563-06,44:12:44:6b:d3:21,eduroam
wap-0563-06,44:12:44:6b:d3:20,IllinoisNet
wap-0563-07,44:12:44:69:f0:a1,eduroam
wap-0563-07,44:12:44:69:f0:a2,IllinoisNet_Guest
wap-0563-07,44:12:44:69:f0:a0,IllinoisNet
wap-0563-07,44:12:44:69:f0:80,IllinoisNet
wap-0563-07,44:12:44:69:f0:81,eduroam
wap-0563-07,44:12:44:69:f0:82,IllinoisNet_Guest
wap-0563-08,44:12:44:6b:77:60,IllinoisNet
wap-0563-08,44:12:44:6b:77:61,eduroam
wap-0563-08,44:12:44:6b:77:62,IllinoisNet_Guest
wap-0563-08,44:12:44:6b:77:42,IllinoisNet_Guest
wap-0563-08,44:12:44:6b:77:41,eduroam
wap-0563-08,44:12:44:6b:77:40,IllinoisNet
wap-0563-09,44:12:44:69:e3:82,IllinoisNet_Guest
wap-0563-09,44:12:44:69:e3:81,eduroam
wap-0563-09,44:12:44:69:e3:80,IllinoisNet
wap-0563-09,44:12:44:69:e3:62,IllinoisNet_Guest
wap-0563-09,44:12:44:69:e3:61,eduroam
wap-0563-09,44:12:44:69:e3:60,IllinoisNet
wap-0563-10,44:12:44:6b:c3:50,IllinoisNet
wap-0563-10,44:12:44:6b:c3:51,eduroam
wap-0563-10,44:12:44:6b:c3:52,IllinoisNet_Guest
wap-0563-10,44:12:44:6b:c3:30,IllinoisNet
wap-0563-10,44:12:44:6b:c3:31,eduroam
wap-0563-10,44:12:44:6b:c3:32,IllinoisNet_Guest
wap-0563-100,44:12:44:6d:9e:d2,IllinoisNet_Guest
wap-0563-100,44:12:44:6d:9e:d1,eduroam
wap-0563-100,44:12:44:6d:9e:d0,IllinoisNet
wap-0563-100,44:12:44:6d:9e:b2,IllinoisNet_Guest
wap-0563-100,44:12:44:6d:9e:b1,eduroam
wap-0563-100,44:12:44:6d:9e:b0,IllinoisNet
wap-0563-101,44:12:44:6d:2d:30,IllinoisNet
wap-0563-101,44:12:44:6d:2d:32,IllinoisNet_Guest
wap-0563-101,44:12:44:6d:2d:31,eduroam
wap-0563-101,44:12:44:6d:2d:12,IllinoisNet_Guest
wap-0563-101,44:12:44:6d:2d:11,eduroam
wap-0563-101,44:12:44:6d:2d:10,IllinoisNet
wap-0563-102,44:12:44:6c:1a:b2,IllinoisNet_Guest
wap-0563-102,44:12:44:6c:1a:b0,IllinoisNet
wap-0563-102,44:12:44:6c:1a:b1,eduroam
wap-0563-102,44:12:44:6c:1a:92,IllinoisNet_Guest
wap-0563-102,44:12:44:6c:1a:91,eduroam
wap-0563-102,44:12:44:6c:1a:90,IllinoisNet
wap-0563-103,44:12:44:6b:3a:72,IllinoisNet_Guest
wap-0563-103,44:12:44:6b:3a:71,eduroam
wap-0563-103,44:12:44:6b:3a:70,IllinoisNet
wap-0563-103,44:12:44:6b:3a:51,eduroam
wap-0563-103,44:12:44:6b:3a:52,IllinoisNet_Guest
wap-0563-103,44:12:44:6b:3a:50,IllinoisNet
wap-0563-104,44:12:44:6b:02:90,IllinoisNet
wap-0563-104,44:12:44:6b:02:92,IllinoisNet_Guest
wap-0563-104,44:12:44:6b:02:91,eduroam
wap-0563-104,44:12:44:6b:02:70,IllinoisNet
wap-0563-104,44:12:44:6b:02:71,eduroam
wap-0563-104,44:12:44:6b:02:72,IllinoisNet_Guest
wap-0563-105,44:12:44:69:f4:60,IllinoisNet
wap-0563-105,44:12:44:69:f4:62,IllinoisNet_Guest
wap-0563-105,44:12:44:69:f4:61,eduroam
wap-0563-105,44:12:44:69:f4:40,IllinoisNet
wap-0563-105,44:12:44:69:f4:42,IllinoisNet_Guest
wap-0563-105,44:12:44:69:f4:41,eduroam
wap-0563-106,44:12:44:6b:be:41,eduroam
wap-0563-106,44:12:44:6b:be:42,IllinoisNet_Guest
wap-0563-106,44:12:44:6b:be:40,IllinoisNet
wap-0563-106,44:12:44:6b:be:20,IllinoisNet
wap-0563-106,44:12:44:6b:be:22,IllinoisNet_Guest
wap-0563-106,44:12:44:6b:be:21,eduroam
wap-0563-107,44:12:44:6d:b3:72,IllinoisNet_Guest
wap-0563-107,44:12:44:6d:b3:71,eduroam
wap-0563-107,44:12:44:6d:b3:70,IllinoisNet
wap-0563-107,44:12:44:6d:b3:52,IllinoisNet_Guest
wap-0563-107,44:12:44:6d:b3:51,eduroam
wap-0563-107,44:12:44:6d:b3:50,IllinoisNet
wap-0563-108,44:12:44:6a:5a:92 ,IllinoisNet_Guest
wap-0563-108,44:12:44:6a:5a:90,IllinoisNet
wap-0563-108,44:12:44:6a:5a:91,eduroam
wap-0563-108,44:12:44:6a:5a:72,IllinoisNet_Guest
wap-0563-108,44:12:44:6a:5a:70,IllinoisNet
wap-0563-108,44:12:44:6a:5a:71,eduroam
wap-0563-109,44:12:44:6d:02:d1,eduroam
wap-0563-109,44:12:44:6d:02:d0,IllinoisNet
wap-0563-109,44:12:44:6d:02:d2,IllinoisNet_Guest
wap-0563-109,44:12:44:6d:02:b2,IllinoisNet_Guest
wap-0563-109,44:12:44:6d:02:b1,eduroam
wap-0563-109,44:12:44:6d:02:b0,IllinoisNet
wap-0563-11,44:12:44:6e:0c:22,IllinoisNet_Guest
wap-0563-11,44:12:44:6e:0c:21,eduroam
wap-0563-11,44:12:44:6e:0c:20,IllinoisNet
wap-0563-11,44:12:44:6e:0c:00,IllinoisNet
wap-0563-11,44:12:44:6e:0c:02,IllinoisNet_Guest
wap-0563-11,44:12:44:6e:0c:01,eduroam
wap-0563-110,44:12:44:6a:83:12,IllinoisNet_Guest
wap-0563-110,44:12:44:6a:83:10,IllinoisNet
wap-0563-110,44:12:44:6a:83:11,eduroam
wap-0563-110,44:12:44:6a:82:f2,IllinoisNet_Guest
wap-0563-110,44:12:44:6a:82:f1,eduroam
wap-0563-110,44:12:44:6a:82:f0,IllinoisNet
wap-0563-111,44:12:44:6a:74:d1,eduroam
wap-0563-111,44:12:44:6a:74:d2,IllinoisNet_Guest
wap-0563-111,44:12:44:6a:74:d0,IllinoisNet
wap-0563-111,44:12:44:6a:74:b0,IllinoisNet
wap-0563-111,44:12:44:6a:74:b1,eduroam
wap-0563-111,44:12:44:6a:74:b2,IllinoisNet_Guest
wap-0563-112,44:12:44:6e:10:d0,IllinoisNet
wap-0563-112,44:12:44:6e:10:d2,IllinoisNet_Guest
wap-0563-112,44:12:44:6e:10:d1,eduroam
wap-0563-112,44:12:44:6e:10:b2,IllinoisNet_Guest
wap-0563-112,44:12:44:6e:10:b1,eduroam
wap-0563-112,44:12:44:6e:10:b0,IllinoisNet
wap-0563-113,44:12:44:6e:5c:00,IllinoisNet
wap-0563-113,44:12:44:6e:5c:01,eduroam
wap-0563-113,44:12:44:6e:5c:02,IllinoisNet_Guest
wap-0563-113,44:12:44:6e:5b:e2,IllinoisNet_Guest
wap-0563-113,44:12:44:6e:5b:e1,eduroam
wap-0563-113,44:12:44:6e:5b:e0,IllinoisNet
wap-0563-114,44:12:44:6a:ee:50,IllinoisNet
wap-0563-114,44:12:44:6a:ee:52,IllinoisNet_Guest
wap-0563-114,44:12:44:6a:ee:51,eduroam
wap-0563-114,44:12:44:6a:ee:32,IllinoisNet_Guest
wap-0563-114,44:12:44:6a:ee:31,eduroam
wap-0563-114,44:12:44:6a:ee:30,IllinoisNet
wap-0563-115,44:12:44:6b:39:22,IllinoisNet_Guest
wap-0563-115,44:12:44:6b:39:21,eduroam
wap-0563-115,44:12:44:6b:39:20,IllinoisNet
wap-0563-115,44:12:44:6b:39:02,IllinoisNet_Guest
wap-0563-115,44:12:44:6b:39:01,eduroam
wap-0563-115,44:12:44:6b:39:00,IllinoisNet
wap-0563-116,44:12:44:6e:c2:f0,IllinoisNet
wap-0563-116,44:12:44:6e:c2:f2,IllinoisNet_Guest
wap-0563-116,44:12:44:6e:c2:f1,eduroam
wap-0563-116,44:12:44:6e:c2:d0,IllinoisNet
wap-0563-116,44:12:44:6e:c2:d2,IllinoisNet_Guest
wap-0563-116,44:12:44:6e:c2:d1,eduroam
wap-0563-117,44:12:44:6d:2e:20,IllinoisNet
wap-0563-117,44:12:44:6d:2e:22,IllinoisNet_Guest
wap-0563-117,44:12:44:6d:2e:21,eduroam
wap-0563-117,44:12:44:6d:2e:01,eduroam
wap-0563-117,44:12:44:6d:2e:00,IllinoisNet
wap-0563-117,44:12:44:6d:2e:02,IllinoisNet_Guest
wap-0563-118,44:12:44:6e:f5:02,IllinoisNet_Guest
wap-0563-118,44:12:44:6e:f5:01,eduroam
wap-0563-118,44:12:44:6e:f5:00,IllinoisNet
wap-0563-118,44:12:44:6e:f4:e1,eduroam
wap-0563-118,44:12:44:6e:f4:e2,IllinoisNet_Guest
wap-0563-118,44:12:44:6e:f4:e0,IllinoisNet
wap-0563-119,44:12:44:6d:1e:01,eduroam
wap-0563-119,44:12:44:6d:1e:02,IllinoisNet_Guest
wap-0563-119,44:12:44:6d:1e:00,IllinoisNet
wap-0563-119,44:12:44:6d:1d:e0,IllinoisNet
wap-0563-119,44:12:44:6d:1d:e1,eduroam
wap-0563-119,44:12:44:6d:1d:e2,IllinoisNet_Guest
wap-0563-12,44:12:44:6c:c4:60,IllinoisNet
wap-0563-12,44:12:44:6c:c4:62,IllinoisNet_Guest
wap-0563-12,44:12:44:6c:c4:61,eduroam
wap-0563-12,44:12:44:6c:c4:42,IllinoisNet_Guest
wap-0563-12,44:12:44:6c:c4:41,eduroam
wap-0563-12,44:12:44:6c:c4:40,IllinoisNet
wap-0563-120,44:12:44:6e:a1:92,IllinoisNet_Guest
wap-0563-120,44:12:44:6e:a1:91,eduroam
wap-0563-120,44:12:44:6e:a1:90,IllinoisNet
wap-0563-120,44:12:44:6e:a1:72,IllinoisNet_Guest
wap-0563-120,44:12:44:6e:a1:71,eduroam
wap-0563-120,44:12:44:6e:a1:70,IllinoisNet
wap-0563-121,44:12:44:6c:77:20,IllinoisNet
wap-0563-121,44:12:44:6c:77:22,IllinoisNet_Guest
wap-0563-121,44:12:44:6c:77:21,eduroam
wap-0563-121,44:12:44:6c:77:02,IllinoisNet_Guest
wap-0563-121,44:12:44:6c:77:01,eduroam
wap-0563-121,44:12:44:6c:77:00,IllinoisNet
wap-0563-122,44:12:44:6b:00:51,eduroam
wap-0563-122,44:12:44:6b:00:52,IllinoisNet_Guest
wap-0563-122,44:12:44:6b:00:50,IllinoisNet
wap-0563-122,44:12:44:6b:00:30,IllinoisNet
wap-0563-122,44:12:44:6b:00:32,IllinoisNet_Guest
wap-0563-122,44:12:44:6b:00:31,eduroam
wap-0563-123,44:12:44:6a:69:02,IllinoisNet_Guest
wap-0563-123,44:12:44:6a:69:01,eduroam
wap-0563-123,44:12:44:6a:69:00,IllinoisNet
wap-0563-123,44:12:44:6a:68:e2,IllinoisNet_Guest
wap-0563-123,44:12:44:6a:68:e1,eduroam
wap-0563-123,44:12:44:6a:68:e0,IllinoisNet
wap-0563-124,44:12:44:6a:b0:12,IllinoisNet_Guest
wap-0563-124,44:12:44:6a:b0:11,eduroam
wap-0563-124,44:12:44:6a:b0:10,IllinoisNet
wap-0563-124,44:12:44:6a:af:f2,IllinoisNet_Guest
wap-0563-124,44:12:44:6a:af:f1,eduroam
wap-0563-124,44:12:44:6a:af:f0,IllinoisNet
wap-0563-125,44:12:44:6c:1f:c2,IllinoisNet_Guest
wap-0563-125,44:12:44:6c:1f:c1,eduroam
wap-0563-125,44:12:44:6c:1f:c0,IllinoisNet
wap-0563-125,44:12:44:6c:1f:a2,IllinoisNet_Guest
wap-0563-125,44:12:44:6c:1f:a1,eduroam
wap-0563-125,44:12:44:6c:1f:a0,IllinoisNet
wap-0563-126,44:12:44:6c:c5:80,IllinoisNet
wap-0563-126,44:12:44:6c:c5:82,IllinoisNet_Guest
wap-0563-126,44:12:44:6c:c5:81,eduroam
wap-0563-126,44:12:44:6c:c5:62,IllinoisNet_Guest
wap-0563-126,44:12:44:6c:c5:61,eduroam
wap-0563-126,44:12:44:6c:c5:60,IllinoisNet
wap-0563-127,44:12:44:6b:5d:e2,IllinoisNet_Guest
wap-0563-127,44:12:44:6b:5d:e1,eduroam
wap-0563-127,44:12:44:6b:5d:e0,IllinoisNet
wap-0563-127,44:12:44:6b:5d:c2,IllinoisNet_Guest
wap-0563-127,44:12:44:6b:5d:c1,eduroam
wap-0563-127,44:12:44:6b:5d:c0,IllinoisNet
wap-0563-128,44:12:44:6c:09:e1,eduroam
wap-0563-128,44:12:44:6c:09:e0,IllinoisNet
wap-0563-128,44:12:44:6c:09:e2,IllinoisNet_Guest
wap-0563-128,44:12:44:6c:0a:01 ,eduroam
wap-0563-128,44:12:44:6c:0a:00,IllinoisNet
wap-0563-128,44:12:44:6c:0a:02,IllinoisNet_Guest
wap-0563-129,44:12:44:6b:03:50,IllinoisNet
wap-0563-129,44:12:44:6b:03:51,eduroam
wap-0563-129,44:12:44:6b:03:52,IllinoisNet_Guest
wap-0563-129,44:12:44:6b:03:30,IllinoisNet
wap-0563-129,44:12:44:6b:03:31,eduroam
wap-0563-129,44:12:44:6b:03:32,IllinoisNet_Guest
wap-0563-13,44:12:44:6a:77:41,eduroam
wap-0563-13,44:12:44:6a:77:42,IllinoisNet_Guest
wap-0563-13,44:12:44:6a:77:40,IllinoisNet
wap-0563-13,44:12:44:6a:77:20,IllinoisNet
wap-0563-13,44:12:44:6a:77:21,eduroam
wap-0563-13,44:12:44:6a:77:22,IllinoisNet_Guest
wap-0563-130,44:12:44:6d:c5:70,IllinoisNet
wap-0563-130,44:12:44:6d:c5:72,IllinoisNet_Guest
wap-0563-130,44:12:44:6d:c5:71,eduroam
wap-0563-130,44:12:44:6d:c5:51,eduroam
wap-0563-130,44:12:44:6d:c5:52,IllinoisNet_Guest
wap-0563-130,44:12:44:6d:c5:50,IllinoisNet
wap-0563-131,44:12:44:69:76:00,IllinoisNet
wap-0563-131,44:12:44:69:76:01,eduroam
wap-0563-131,44:12:44:69:76:02,IllinoisNet_Guest
wap-0563-131,44:12:44:69:75:e2,IllinoisNet_Guest
wap-0563-131,44:12:44:69:75:e1,eduroam
wap-0563-131,44:12:44:69:75:e0,IllinoisNet
wap-0563-132,44:12:44:6a:4c:e0,IllinoisNet
wap-0563-132,44:12:44:6a:4c:e2,IllinoisNet_Guest
wap-0563-132,44:12:44:6a:4c:e1,eduroam
wap-0563-132,44:12:44:6a:4c:c0,IllinoisNet
wap-0563-132,44:12:44:6a:4c:c2,IllinoisNet_Guest
wap-0563-132,44:12:44:6a:4c:c1,eduroam
wap-0563-133,44:12:44:6b:8c:91,eduroam
wap-0563-133,44:12:44:6b:8c:92,IllinoisNet_Guest
wap-0563-133,44:12:44:6b:8c:90,IllinoisNet
wap-0563-133,44:12:44:6b:8c:72,IllinoisNet_Guest
wap-0563-133,44:12:44:6b:8c:71,eduroam
wap-0563-133,44:12:44:6b:8c:70,IllinoisNet
wap-0563-134,44:12:44:6b:63:52,IllinoisNet_Guest
wap-0563-134,44:12:44:6b:63:51,eduroam
wap-0563-134,44:12:44:6b:63:50,IllinoisNet
wap-0563-134,44:12:44:6b:63:30,IllinoisNet
wap-0563-134,44:12:44:6b:63:32,IllinoisNet_Guest
wap-0563-134,44:12:44:6b:63:31,eduroam
wap-0563-135,44:12:44:6b:db:b0,IllinoisNet
wap-0563-135,44:12:44:6b:db:b2,IllinoisNet_Guest
wap-0563-135,44:12:44:6b:db:b1,eduroam
wap-0563-135,44:12:44:6b:db:92,IllinoisNet_Guest
wap-0563-135,44:12:44:6b:db:90,IllinoisNet
wap-0563-135,44:12:44:6b:db:91,eduroam
wap-0563-136,44:12:44:6a:91:51,eduroam
wap-0563-136,44:12:44:6a:91:52,IllinoisNet_Guest
wap-0563-136,44:12:44:6a:91:50,IllinoisNet
wap-0563-136,44:12:44:6a:91:30,IllinoisNet
wap-0563-136,44:12:44:6a:91:32,IllinoisNet_Guest
wap-0563-136,44:12:44:6a:91:31,eduroam
wap-0563-137,44:12:44:6d:7e:f1,eduroam
wap-0563-137,44:12:44:6d:7e:f0,IllinoisNet
wap-0563-137,44:12:44:6d:7e:f2,IllinoisNet_Guest
wap-0563-137,44:12:44:6d:7e:d2,IllinoisNet_Guest
wap-0563-137,44:12:44:6d:7e:d0,IllinoisNet
wap-0563-137,44:12:44:6d:7e:d1,eduroam
wap-0563-138,44:12:44:6e:e5:71,eduroam
wap-0563-138,44:12:44:6e:e5:72,IllinoisNet_Guest
wap-0563-138,44:12:44:6e:e5:70,IllinoisNet
wap-0563-138,44:12:44:6e:e5:52,IllinoisNet_Guest
wap-0563-138,44:12:44:6e:e5:51,eduroam
wap-0563-138,44:12:44:6e:e5:50,IllinoisNet
wap-0563-139,44:12:44:6c:3a:f2,IllinoisNet_Guest
wap-0563-139,44:12:44:6c:3a:f0,IllinoisNet
wap-0563-139,44:12:44:6c:3a:f1,eduroam
wap-0563-139,44:12:44:6c:3a:d1,eduroam
wap-0563-139,44:12:44:6c:3a:d0,IllinoisNet
wap-0563-139,44:12:44:6c:3a:d2,IllinoisNet_Guest
wap-0563-14,44:12:44:6e:6d:12,IllinoisNet_Guest
wap-0563-14,44:12:44:6e:6d:11,eduroam
wap-0563-14,44:12:44:6e:6d:10,IllinoisNet
wap-0563-14,44:12:44:6e:6c:f2,IllinoisNet_Guest
wap-0563-14,44:12:44:6e:6c:f1,eduroam
wap-0563-14,44:12:44:6e:6c:f0,IllinoisNet
wap-0563-140,44:12:44:6e:6a:40,IllinoisNet
wap-0563-140,44:12:44:6e:6a:41,eduroam
wap-0563-140,44:12:44:6e:6a:42,IllinoisNet_Guest
wap-0563-140,44:12:44:6e:6a:20,IllinoisNet
wap-0563-140,44:12:44:6e:6a:21,eduroam
wap-0563-140,44:12:44:6e:6a:22,IllinoisNet_Guest
wap-0563-141,44:12:44:6b:70:a0,IllinoisNet
wap-0563-141,44:12:44:6b:70:a1,eduroam
wap-0563-141,44:12:44:6b:70:a2,IllinoisNet_Guest
wap-0563-141,44:12:44:6b:70:82,IllinoisNet_Guest
wap-0563-141,44:12:44:6b:70:81,eduroam
wap-0563-141,44:12:44:6b:70:80,IllinoisNet
wap-0563-142,44:12:44:6a:99:32,IllinoisNet_Guest
wap-0563-142,44:12:44:6a:99:31,eduroam
wap-0563-142,44:12:44:6a:99:30,IllinoisNet
wap-0563-142,44:12:44:6a:99:10,IllinoisNet
wap-0563-142,44:12:44:6a:99:12,IllinoisNet_Guest
wap-0563-142,44:12:44:6a:99:11,eduroam
wap-0563-143,44:12:44:6b:d8:20,IllinoisNet
wap-0563-143,44:12:44:6b:d8:22,IllinoisNet_Guest
wap-0563-143,44:12:44:6b:d8:21,eduroam
wap-0563-143,44:12:44:6b:d8:02,IllinoisNet_Guest
wap-0563-143,44:12:44:6b:d8:01,eduroam
wap-0563-143,44:12:44:6b:d8:00,IllinoisNet
wap-0563-144,44:12:44:6d:e6:72,IllinoisNet_Guest
wap-0563-144,44:12:44:6d:e6:71,eduroam
wap-0563-144,44:12:44:6d:e6:70,IllinoisNet
wap-0563-144,44:12:44:6d:e6:50,IllinoisNet
wap-0563-144,44:12:44:6d:e6:52,IllinoisNet_Guest
wap-0563-144,44:12:44:6d:e6:51,eduroam
wap-0563-145,44:12:44:69:c9:a2,IllinoisNet_Guest
wap-0563-145,44:12:44:69:c9:a1,eduroam
wap-0563-145,44:12:44:69:c9:a0,IllinoisNet
wap-0563-145,44:12:44:69:c9:82,IllinoisNet_Guest
wap-0563-145,44:12:44:69:c9:81,eduroam
wap-0563-145,44:12:44:69:c9:80,IllinoisNet
wap-0563-146,44:12:44:6d:59:a0,IllinoisNet
wap-0563-146,44:12:44:6d:59:a2,IllinoisNet_Guest
wap-0563-146,44:12:44:6d:59:a1,eduroam
wap-0563-146,44:12:44:6d:59:82,IllinoisNet_Guest
wap-0563-146,44:12:44:6d:59:81,eduroam
wap-0563-146,44:12:44:6d:59:80,IllinoisNet
wap-0563-147,44:12:44:6a:44:10,IllinoisNet
wap-0563-147,44:12:44:6a:44:12,IllinoisNet_Guest
wap-0563-147,44:12:44:6a:44:11,eduroam
wap-0563-147,44:12:44:6a:43:f2,IllinoisNet_Guest
wap-0563-147,44:12:44:6a:43:f1,eduroam
wap-0563-147,44:12:44:6a:43:f0,IllinoisNet
wap-0563-148,44:12:44:6c:54:40,IllinoisNet
wap-0563-148,44:12:44:6c:54:42,IllinoisNet_Guest
wap-0563-148,44:12:44:6c:54:41,eduroam
wap-0563-148,44:12:44:6c:54:20,IllinoisNet
wap-0563-148,44:12:44:6c:54:22,IllinoisNet_Guest
wap-0563-148,44:12:44:6c:54:21,eduroam
wap-0563-149,44:12:44:6d:ae:62,IllinoisNet_Guest
wap-0563-149,44:12:44:6d:ae:61,eduroam
wap-0563-149,44:12:44:6d:ae:60,IllinoisNet
wap-0563-149,44:12:44:6d:ae:40,IllinoisNet
wap-0563-149,44:12:44:6d:ae:42,IllinoisNet_Guest
wap-0563-149,44:12:44:6d:ae:41,eduroam
wap-0563-15,44:12:44:6c:42:40,IllinoisNet
wap-0563-15,44:12:44:6c:42:42,IllinoisNet_Guest
wap-0563-15,44:12:44:6c:42:41,eduroam
wap-0563-15,44:12:44:6c:42:22,IllinoisNet_Guest
wap-0563-15,44:12:44:6c:42:20,IllinoisNet
wap-0563-15,44:12:44:6c:42:21,eduroam
wap-0563-150,44:12:44:6e:10:a0,IllinoisNet
wap-0563-150,44:12:44:6e:10:a2,IllinoisNet_Guest
wap-0563-150,44:12:44:6e:10:a1,eduroam
wap-0563-150,44:12:44:6e:10:80,IllinoisNet
wap-0563-150,44:12:44:6e:10:81,eduroam
wap-0563-150,44:12:44:6e:10:82,IllinoisNet_Guest
wap-0563-151,44:12:44:6a:11:a0,IllinoisNet
wap-0563-151,44:12:44:6a:11:a2,IllinoisNet_Guest
wap-0563-151,44:12:44:6a:11:a1,eduroam
wap-0563-151,44:12:44:6a:11:82,IllinoisNet_Guest
wap-0563-151,44:12:44:6a:11:81,eduroam
wap-0563-151,44:12:44:6a:11:80,IllinoisNet
wap-0563-152,44:12:44:6c:78:d1,eduroam
wap-0563-152,44:12:44:6c:78:d2,IllinoisNet_Guest
wap-0563-152,44:12:44:6c:78:d0,IllinoisNet
wap-0563-152,44:12:44:6c:78:b2,IllinoisNet_Guest
wap-0563-152,44:12:44:6c:78:b1,eduroam
wap-0563-152,44:12:44:6c:78:b0,IllinoisNet
wap-0563-153,44:12:44:6a:f1:b2,IllinoisNet_Guest
wap-0563-153,44:12:44:6a:f1:b0,IllinoisNet
wap-0563-153,44:12:44:6a:f1:b1,eduroam
wap-0563-153,44:12:44:6a:f1:90,IllinoisNet
wap-0563-153,44:12:44:6a:f1:91,eduroam
wap-0563-153,44:12:44:6a:f1:92,IllinoisNet_Guest
wap-0563-154,44:12:44:6b:e4:52,IllinoisNet_Guest
wap-0563-154,44:12:44:6b:e4:51,eduroam
wap-0563-154,44:12:44:6b:e4:50,IllinoisNet
wap-0563-154,44:12:44:6b:e4:32,IllinoisNet_Guest
wap-0563-154,44:12:44:6b:e4:31,eduroam
wap-0563-154,44:12:44:6b:e4:30,IllinoisNet
wap-0563-155,44:12:44:6d:35:a1,eduroam
wap-0563-155,44:12:44:6d:35:a2,IllinoisNet_Guest
wap-0563-155,44:12:44:6d:35:a0,IllinoisNet
wap-0563-155,44:12:44:6d:35:81,eduroam
wap-0563-155,44:12:44:6d:35:82,IllinoisNet_Guest
wap-0563-155,44:12:44:6d:35:80,IllinoisNet
wap-0563-156,44:12:44:69:fb:82,IllinoisNet_Guest
wap-0563-156,44:12:44:69:fb:80,IllinoisNet
wap-0563-156,44:12:44:69:fb:81,eduroam
wap-0563-156,44:12:44:69:fb:62,IllinoisNet_Guest
wap-0563-156,44:12:44:69:fb:61,eduroam
wap-0563-156,44:12:44:69:fb:60,IllinoisNet
wap-0563-157,44:12:44:6e:2d:e0,IllinoisNet
wap-0563-157,44:12:44:6e:2d:e1,eduroam
wap-0563-157,44:12:44:6e:2d:e2,IllinoisNet_Guest
wap-0563-157,44:12:44:6e:2d:c0,IllinoisNet
wap-0563-157,44:12:44:6e:2d:c1,eduroam
wap-0563-157,44:12:44:6e:2d:c2,IllinoisNet_Guest
wap-0563-158,44:12:44:6d:49:b2,IllinoisNet_Guest
wap-0563-158,44:12:44:6d:49:b0,IllinoisNet
wap-0563-158,44:12:44:6d:49:b1,eduroam
wap-0563-158,44:12:44:6d:49:90,IllinoisNet
wap-0563-158,44:12:44:6d:49:91,eduroam
wap-0563-158,44:12:44:6d:49:92,IllinoisNet_Guest
wap-0563-159,44:12:44:6a:63:c0,IllinoisNet
wap-0563-159,44:12:44:6a:63:c2,IllinoisNet_Guest
wap-0563-159,44:12:44:6a:63:c1,eduroam
wap-0563-159,44:12:44:6a:63:a2,IllinoisNet_Guest
wap-0563-159,44:12:44:6a:63:a1,eduroam
wap-0563-159,44:12:44:6a:63:a0,IllinoisNet
wap-0563-16,44:12:44:6b:91:d2,IllinoisNet_Guest
wap-0563-16,44:12:44:6b:91:d1,eduroam
wap-0563-16,44:12:44:6b:91:d0,IllinoisNet
wap-0563-16,44:12:44:6b:91:b2,IllinoisNet_Guest
wap-0563-16,44:12:44:6b:91:b1,eduroam
wap-0563-16,44:12:44:6b:91:b0,IllinoisNet
wap-0563-160,44:12:44:6b:ce:c0,IllinoisNet
wap-0563-160,44:12:44:6b:ce:c2,IllinoisNet_Guest
wap-0563-160,44:12:44:6b:ce:c1,eduroam
wap-0563-160,44:12:44:6b:ce:a0,IllinoisNet
wap-0563-160,44:12:44:6b:ce:a2,IllinoisNet_Guest
wap-0563-160,44:12:44:6b:ce:a1,eduroam
wap-0563-161,74:9e:75:45:d3:62,IllinoisNet_Guest
wap-0563-161,74:9e:75:45:d3:60,IllinoisNet
wap-0563-161,74:9e:75:45:d3:61,eduroam
wap-0563-161,74:9e:75:45:d3:41,eduroam
wap-0563-161,74:9e:75:45:d3:42,IllinoisNet_Guest
wap-0563-161,74:9e:75:45:d3:40,IllinoisNet
wap-0563-162,44:12:44:6c:55:c0,IllinoisNet
wap-0563-162,44:12:44:6c:55:c2,IllinoisNet_Guest
wap-0563-162,44:12:44:6c:55:c1,eduroam
wap-0563-162,44:12:44:6c:55:a2,IllinoisNet_Guest
wap-0563-162,44:12:44:6c:55:a1,eduroam
wap-0563-162,44:12:44:6c:55:a0,IllinoisNet
wap-0563-163,94:64:24:9b:07:80,IllinoisNet
wap-0563-163,94:64:24:9b:07:81,eduroam
wap-0563-163,94:64:24:9b:07:82,IllinoisNet_Guest
wap-0563-163,94:64:24:9b:07:60,IllinoisNet
wap-0563-163,94:64:24:9b:07:61,eduroam
wap-0563-163,94:64:24:9b:07:62,IllinoisNet_Guest
wap-0563-164,44:12:44:6c:3b:50,IllinoisNet
wap-0563-164,44:12:44:6c:3b:51,eduroam
wap-0563-164,44:12:44:6c:3b:52,IllinoisNet_Guest
wap-0563-164,44:12:44:6c:3b:30,IllinoisNet
wap-0563-164,44:12:44:6c:3b:32,IllinoisNet_Guest
wap-0563-164,44:12:44:6c:3b:31,eduroam
wap-0563-165,44:12:44:6a:09:90,IllinoisNet
wap-0563-165,44:12:44:6a:09:91,eduroam
wap-0563-165,44:12:44:6a:09:92,IllinoisNet_Guest
wap-0563-165,44:12:44:6a:09:72,IllinoisNet_Guest
wap-0563-165,44:12:44:6a:09:70,IllinoisNet
wap-0563-165,44:12:44:6a:09:71,eduroam
wap-0563-166,44:12:44:6c:3b:20,IllinoisNet
wap-0563-166,44:12:44:6c:3b:21,eduroam
wap-0563-166,44:12:44:6c:3b:22,IllinoisNet_Guest
wap-0563-166,44:12:44:6c:3b:00,IllinoisNet
wap-0563-166,44:12:44:6c:3b:01,eduroam
wap-0563-166,44:12:44:6c:3b:02,IllinoisNet_Guest
wap-0563-167,44:12:44:6d:1e:f2,IllinoisNet_Guest
wap-0563-167,44:12:44:6d:1e:f0,IllinoisNet
wap-0563-167,44:12:44:6d:1e:f1,eduroam
wap-0563-167,44:12:44:6d:1e:d0,IllinoisNet
wap-0563-167,44:12:44:6d:1e:d1,eduroam
wap-0563-167,44:12:44:6d:1e:d2,IllinoisNet_Guest
wap-0563-168,44:12:44:6e:b9:c0,IllinoisNet
wap-0563-168,44:12:44:6e:b9:c2,IllinoisNet_Guest
wap-0563-168,44:12:44:6e:b9:c1,eduroam
wap-0563-168,44:12:44:6e:b9:a2,IllinoisNet_Guest
wap-0563-168,44:12:44:6e:b9:a1,eduroam
wap-0563-168,44:12:44:6e:b9:a0,IllinoisNet
wap-0563-169,94:64:24:c4:22:f0,IllinoisNet
wap-0563-169,94:64:24:c4:22:f1,eduroam
wap-0563-169,94:64:24:c4:22:f2,IllinoisNet_Guest
wap-0563-169,94:64:24:c4:22:d0,IllinoisNet
wap-0563-169,94:64:24:c4:22:d1,eduroam
wap-0563-169,94:64:24:c4:22:d2,IllinoisNet_Guest
wap-0563-17,94:64:24:9a:e9:52,IllinoisNet_Guest
wap-0563-17,94:64:24:9a:e9:51,eduroam
wap-0563-17,94:64:24:9a:e9:50,IllinoisNet
wap-0563-17,94:64:24:9a:e9:32,IllinoisNet_Guest
wap-0563-17,94:64:24:9a:e9:31,eduroam
wap-0563-17,94:64:24:9a:e9:30,IllinoisNet
wap-0563-170,44:12:44:6d:08:70,IllinoisNet
wap-0563-170,44:12:44:6d:08:71,eduroam
wap-0563-170,44:12:44:6d:08:72,IllinoisNet_Guest
wap-0563-170,44:12:44:6d:08:52,IllinoisNet_Guest
wap-0563-170,44:12:44:6d:08:51,eduroam
wap-0563-170,44:12:44:6d:08:50,IllinoisNet
wap-0563-171,44:12:44:6c:85:91,eduroam
wap-0563-171,44:12:44:6c:85:90,IllinoisNet
wap-0563-171,44:12:44:6c:85:92,IllinoisNet_Guest
wap-0563-171,44:12:44:6c:85:70,IllinoisNet
wap-0563-171,44:12:44:6c:85:71,eduroam
wap-0563-171,44:12:44:6c:85:72,IllinoisNet_Guest
wap-0563-172,44:12:44:6e:40:d0,IllinoisNet
wap-0563-172,44:12:44:6e:40:d2,IllinoisNet_Guest
wap-0563-172,44:12:44:6e:40:d1,eduroam
wap-0563-172,44:12:44:6e:40:b2,IllinoisNet_Guest
wap-0563-172,44:12:44:6e:40:b1,eduroam
wap-0563-172,44:12:44:6e:40:b0,IllinoisNet
wap-0563-18,44:12:44:6e:8c:f0,IllinoisNet
wap-0563-18,44:12:44:6e:8c:f1,eduroam
wap-0563-18,44:12:44:6e:8c:f2,IllinoisNet_Guest
wap-0563-18,44:12:44:6e:8c:d0,IllinoisNet
wap-0563-18,44:12:44:6e:8c:d1,eduroam
wap-0563-18,44:12:44:6e:8c:d2,IllinoisNet_Guest
wap-0563-19,44:12:44:6e:c5:60,IllinoisNet
wap-0563-19,44:12:44:6e:c5:62,IllinoisNet_Guest
wap-0563-19,44:12:44:6e:c5:61,eduroam
wap-0563-19,44:12:44:6e:c5:40,IllinoisNet
wap-0563-19,44:12:44:6e:c5:42,IllinoisNet_Guest
wap-0563-19,44:12:44:6e:c5:41,eduroam
wap-0563-20,44:12:44:6c:50:80,IllinoisNet
wap-0563-20,44:12:44:6c:50:82,IllinoisNet_Guest
wap-0563-20,44:12:44:6c:50:81,eduroam
wap-0563-20,44:12:44:6c:50:62,IllinoisNet_Guest
wap-0563-20,44:12:44:6c:50:61,eduroam
wap-0563-20,44:12:44:6c:50:60,IllinoisNet
wap-0563-21,44:12:44:6e:40:10,IllinoisNet
wap-0563-21,44:12:44:6e:40:12,IllinoisNet_Guest
wap-0563-21,44:12:44:6e:40:11,eduroam
wap-0563-21,44:12:44:6e:3f:f2,IllinoisNet_Guest
wap-0563-21,44:12:44:6e:3f:f1,eduroam
wap-0563-21,44:12:44:6e:3f:f0,IllinoisNet
wap-0563-22,44:12:44:6a:eb:21,eduroam
wap-0563-22,44:12:44:6a:eb:22,IllinoisNet_Guest
wap-0563-22,44:12:44:6a:eb:20,IllinoisNet
wap-0563-22,44:12:44:6a:eb:02,IllinoisNet_Guest
wap-0563-22,44:12:44:6a:eb:01,eduroam
wap-0563-22,44:12:44:6a:eb:00,IllinoisNet
wap-0563-23,44:12:44:6c:c7:01,eduroam
wap-0563-23,44:12:44:6c:c7:00,IllinoisNet
wap-0563-23,44:12:44:6c:c7:02,IllinoisNet_Guest
wap-0563-23,44:12:44:6c:c6:e1,eduroam
wap-0563-23,44:12:44:6c:c6:e2,IllinoisNet_Guest
wap-0563-23,44:12:44:6c:c6:e0,IllinoisNet
wap-0563-24,44:12:44:6a:58:82,IllinoisNet_Guest
wap-0563-24,44:12:44:6a:58:81,eduroam
wap-0563-24,44:12:44:6a:58:80,IllinoisNet
wap-0563-24,44:12:44:6a:58:62,IllinoisNet_Guest
wap-0563-24,44:12:44:6a:58:61,eduroam
wap-0563-24,44:12:44:6a:58:60,IllinoisNet
wap-0563-25,44:12:44:69:9d:f0,IllinoisNet
wap-0563-25,44:12:44:69:9d:f1,eduroam
wap-0563-25,44:12:44:69:9d:f2,IllinoisNet_Guest
wap-0563-25,44:12:44:69:9d:d0,IllinoisNet
wap-0563-25,44:12:44:69:9d:d1,eduroam
wap-0563-25,44:12:44:69:9d:d2,IllinoisNet_Guest
wap-0563-26,44:12:44:69:be:32,IllinoisNet_Guest
wap-0563-26,44:12:44:69:be:31,eduroam
wap-0563-26,44:12:44:69:be:30,IllinoisNet
wap-0563-26,44:12:44:69:be:10,IllinoisNet
wap-0563-26,44:12:44:69:be:12,IllinoisNet_Guest
wap-0563-26,44:12:44:69:be:11,eduroam
wap-0563-27,44:12:44:6e:2a:20,IllinoisNet
wap-0563-27,44:12:44:6e:2a:21,eduroam
wap-0563-27,44:12:44:6e:2a:22,IllinoisNet_Guest
wap-0563-27,44:12:44:6e:2a:00,IllinoisNet
wap-0563-27,44:12:44:6e:2a:02,IllinoisNet_Guest
wap-0563-27,44:12:44:6e:2a:01,eduroam
wap-0563-28,44:12:44:69:55:30,IllinoisNet
wap-0563-28,44:12:44:69:55:31,eduroam
wap-0563-28,44:12:44:69:55:32,IllinoisNet_Guest
wap-0563-28,44:12:44:69:55:12,IllinoisNet_Guest
wap-0563-28,44:12:44:69:55:10,IllinoisNet
wap-0563-28,44:12:44:69:55:11,eduroam
wap-0563-29,44:12:44:6d:92:a0,IllinoisNet
wap-0563-29,44:12:44:6d:92:a1,eduroam
wap-0563-29,44:12:44:6d:92:a2,IllinoisNet_Guest
wap-0563-29,44:12:44:6d:92:82,IllinoisNet_Guest
wap-0563-29,44:12:44:6d:92:81,eduroam
wap-0563-29,44:12:44:6d:92:80,IllinoisNet
wap-0563-30,44:12:44:6e:2f:32,IllinoisNet_Guest
wap-0563-30,44:12:44:6e:2f:31,eduroam
wap-0563-30,44:12:44:6e:2f:30,IllinoisNet
wap-0563-30,44:12:44:6e:2f:12,IllinoisNet_Guest
wap-0563-30,44:12:44:6e:2f:11,eduroam
wap-0563-30,44:12:44:6e:2f:10,IllinoisNet
wap-0563-31,44:12:44:6a:57:f0,IllinoisNet
wap-0563-31,44:12:44:6a:57:f2,IllinoisNet_Guest
wap-0563-31,44:12:44:6a:57:f1,eduroam
wap-0563-31,44:12:44:6a:57:d0,IllinoisNet
wap-0563-31,44:12:44:6a:57:d2,IllinoisNet_Guest
wap-0563-31,44:12:44:6a:57:d1,eduroam
wap-0563-32,44:12:44:6e:07:70,IllinoisNet
wap-0563-32,44:12:44:6e:07:71,eduroam
wap-0563-32,44:12:44:6e:07:72,IllinoisNet_Guest
wap-0563-32,44:12:44:6e:07:50,IllinoisNet
wap-0563-32,44:12:44:6e:07:51,eduroam
wap-0563-32,44:12:44:6e:07:52,IllinoisNet_Guest
wap-0563-33,44:12:44:6d:39:c0,IllinoisNet
wap-0563-33,44:12:44:6d:39:c1,eduroam
wap-0563-33,44:12:44:6d:39:c2,IllinoisNet_Guest
wap-0563-33,44:12:44:6d:39:a0,IllinoisNet
wap-0563-33,44:12:44:6d:39:a1,eduroam
wap-0563-33,44:12:44:6d:39:a2,IllinoisNet_Guest
wap-0563-34,44:12:44:6a:05:d0,IllinoisNet
wap-0563-34,44:12:44:6a:05:d2,IllinoisNet_Guest
wap-0563-34,44:12:44:6a:05:d1,eduroam
wap-0563-34,44:12:44:6a:05:b2,IllinoisNet_Guest
wap-0563-34,44:12:44:6a:05:b1,eduroam
wap-0563-34,44:12:44:6a:05:b0,IllinoisNet
wap-0563-35,44:12:44:6b:da:90,IllinoisNet
wap-0563-35,44:12:44:6b:da:91,eduroam
wap-0563-35,44:12:44:6b:da:92,IllinoisNet_Guest
wap-0563-35,44:12:44:6b:da:70,IllinoisNet
wap-0563-35,44:12:44:6b:da:71,eduroam
wap-0563-35,44:12:44:6b:da:72,IllinoisNet_Guest
wap-0563-36,44:12:44:6d:ec:12,IllinoisNet_Guest
wap-0563-36,44:12:44:6d:ec:11,eduroam
wap-0563-36,44:12:44:6d:ec:10,IllinoisNet
wap-0563-36,44:12:44:6d:eb:f0,IllinoisNet
wap-0563-36,44:12:44:6d:eb:f2,IllinoisNet_Guest
wap-0563-36,44:12:44:6d:eb:f1,eduroam
wap-0563-37,44:12:44:6d:cd:b0,IllinoisNet
wap-0563-37,44:12:44:6d:cd:b1,eduroam
wap-0563-37,44:12:44:6d:cd:b2,IllinoisNet_Guest
wap-0563-37,44:12:44:6d:cd:90,IllinoisNet
wap-0563-37,44:12:44:6d:cd:91,eduroam
wap-0563-37,44:12:44:6d:cd:92,IllinoisNet_Guest
wap-0563-38,44:12:44:6a:68:10,IllinoisNet
wap-0563-38,44:12:44:6a:68:11,eduroam
wap-0563-38,44:12:44:6a:68:12,IllinoisNet_Guest
wap-0563-38,44:12:44:6a:67:f2,IllinoisNet_Guest
wap-0563-38,44:12:44:6a:67:f1,eduroam
wap-0563-38,44:12:44:6a:67:f0,IllinoisNet
wap-0563-39,44:12:44:6c:c7:c2,IllinoisNet_Guest
wap-0563-39,44:12:44:6c:c7:c1,eduroam
wap-0563-39,44:12:44:6c:c7:c0,IllinoisNet
wap-0563-39,44:12:44:6c:c7:a2,IllinoisNet_Guest
wap-0563-39,44:12:44:6c:c7:a1,eduroam
wap-0563-39,44:12:44:6c:c7:a0,IllinoisNet
wap-0563-40,44:12:44:6a:d0:80,IllinoisNet
wap-0563-40,44:12:44:6a:d0:81,eduroam
wap-0563-40,44:12:44:6a:d0:82,IllinoisNet_Guest
wap-0563-40,44:12:44:6a:d0:60,IllinoisNet
wap-0563-40,44:12:44:6a:d0:61,eduroam
wap-0563-40,44:12:44:6a:d0:62,IllinoisNet_Guest
wap-0563-41,44:12:44:69:70:60,IllinoisNet
wap-0563-41,44:12:44:69:70:62,IllinoisNet_Guest
wap-0563-41,44:12:44:69:70:61,eduroam
wap-0563-41,44:12:44:69:70:40,IllinoisNet
wap-0563-41,44:12:44:69:70:42,IllinoisNet_Guest
wap-0563-41,44:12:44:69:70:41,eduroam
wap-0563-42,44:12:44:69:61:30,IllinoisNet
wap-0563-42,44:12:44:69:61:31,eduroam
wap-0563-42,44:12:44:69:61:32,IllinoisNet_Guest
wap-0563-42,44:12:44:69:61:10,IllinoisNet
wap-0563-42,44:12:44:69:61:11,eduroam
wap-0563-42,44:12:44:69:61:12,IllinoisNet_Guest
wap-0563-43,44:12:44:6e:bf:62,IllinoisNet_Guest
wap-0563-43,44:12:44:6e:bf:61,eduroam
wap-0563-43,44:12:44:6e:bf:60,IllinoisNet
wap-0563-43,44:12:44:6e:bf:42,IllinoisNet_Guest
wap-0563-43,44:12:44:6e:bf:41,eduroam
wap-0563-43,44:12:44:6e:bf:40,IllinoisNet
wap-0563-44,44:12:44:6d:16:e2,IllinoisNet_Guest
wap-0563-44,44:12:44:6d:16:e0,IllinoisNet
wap-0563-44,44:12:44:6d:16:e1,eduroam
wap-0563-44,44:12:44:6d:16:c0,IllinoisNet
wap-0563-44,44:12:44:6d:16:c2,IllinoisNet_Guest
wap-0563-44,44:12:44:6d:16:c1,eduroam
wap-0563-45,44:12:44:6d:83:10,IllinoisNet
wap-0563-45,44:12:44:6d:83:11,eduroam
wap-0563-45,44:12:44:6d:83:12,IllinoisNet_Guest
wap-0563-45,44:12:44:6d:82:f0,IllinoisNet
wap-0563-45,44:12:44:6d:82:f1,eduroam
wap-0563-45,44:12:44:6d:82:f2,IllinoisNet_Guest
wap-0563-46,44:12:44:6d:9b:42,IllinoisNet_Guest
wap-0563-46,44:12:44:6d:9b:41,eduroam
wap-0563-46,44:12:44:6d:9b:40,IllinoisNet
wap-0563-46,44:12:44:6d:9b:22,IllinoisNet_Guest
wap-0563-46,44:12:44:6d:9b:21,eduroam
wap-0563-46,44:12:44:6d:9b:20,IllinoisNet
wap-0563-47,44:12:44:6c:7f:f2,IllinoisNet_Guest
wap-0563-47,44:12:44:6c:7f:f0,IllinoisNet
wap-0563-47,44:12:44:6c:7f:f1,eduroam
wap-0563-47,44:12:44:6c:7f:d0,IllinoisNet
wap-0563-47,44:12:44:6c:7f:d2,IllinoisNet_Guest
wap-0563-47,44:12:44:6c:7f:d1,eduroam
wap-0563-48,44:12:44:6b:8f:62,IllinoisNet_Guest
wap-0563-48,44:12:44:6b:8f:61,eduroam
wap-0563-48,44:12:44:6b:8f:60,IllinoisNet
wap-0563-48,44:12:44:6b:8f:42,IllinoisNet_Guest
wap-0563-48,44:12:44:6b:8f:41,eduroam
wap-0563-48,44:12:44:6b:8f:40,IllinoisNet
wap-0563-49,44:12:44:6a:4b:f0,IllinoisNet
wap-0563-49,44:12:44:6a:4b:f2,IllinoisNet_Guest
wap-0563-49,44:12:44:6a:4b:f1,eduroam
wap-0563-49,44:12:44:6a:4b:d2,IllinoisNet_Guest
wap-0563-49,44:12:44:6a:4b:d1,eduroam
wap-0563-49,44:12:44:6a:4b:d0,IllinoisNet
wap-0563-50,44:12:44:6e:f8:90,IllinoisNet
wap-0563-50,44:12:44:6e:f8:91,eduroam
wap-0563-50,44:12:44:6e:f8:92,IllinoisNet_Guest
wap-0563-50,44:12:44:6e:f8:70,IllinoisNet
wap-0563-50,44:12:44:6e:f8:71,eduroam
wap-0563-50,44:12:44:6e:f8:72,IllinoisNet_Guest
wap-0563-51,44:12:44:6d:98:10,IllinoisNet
wap-0563-51,44:12:44:6d:98:12,IllinoisNet_Guest
wap-0563-51,44:12:44:6d:98:11,eduroam
wap-0563-51,44:12:44:6d:97:f0,IllinoisNet
wap-0563-51,44:12:44:6d:97:f2,IllinoisNet_Guest
wap-0563-51,44:12:44:6d:97:f1,eduroam
wap-0563-52,44:12:44:69:af:91,eduroam
wap-0563-52,44:12:44:69:af:90,IllinoisNet
wap-0563-52,44:12:44:69:af:92,IllinoisNet_Guest
wap-0563-52,44:12:44:69:af:70,IllinoisNet
wap-0563-52,44:12:44:69:af:71,eduroam
wap-0563-52,44:12:44:69:af:72,IllinoisNet_Guest
wap-0563-53,44:12:44:6d:54:f0,IllinoisNet
wap-0563-53,44:12:44:6d:54:f1,eduroam
wap-0563-53,44:12:44:6d:54:f2,IllinoisNet_Guest
wap-0563-53,44:12:44:6d:54:d0,IllinoisNet
wap-0563-53,44:12:44:6d:54:d1,eduroam
wap-0563-53,44:12:44:6d:54:d2,IllinoisNet_Guest
wap-0563-54,44:12:44:6d:60:62,IllinoisNet_Guest
wap-0563-54,44:12:44:6d:60:61,eduroam
wap-0563-54,44:12:44:6d:60:60,IllinoisNet
wap-0563-54,44:12:44:6d:60:42,IllinoisNet_Guest
wap-0563-54,44:12:44:6d:60:41,eduroam
wap-0563-54,44:12:44:6d:60:40,IllinoisNet
wap-0563-55,44:12:44:6b:03:82,IllinoisNet_Guest
wap-0563-55,44:12:44:6b:03:81,eduroam
wap-0563-55,44:12:44:6b:03:80,IllinoisNet
wap-0563-55,44:12:44:6b:03:62,IllinoisNet_Guest
wap-0563-55,44:12:44:6b:03:61,eduroam
wap-0563-55,44:12:44:6b:03:60,IllinoisNet
wap-0563-56,44:12:44:69:bb:60,IllinoisNet
wap-0563-56,44:12:44:69:bb:62,IllinoisNet_Guest
wap-0563-56,44:12:44:69:bb:61,eduroam
wap-0563-56,44:12:44:69:bb:42,IllinoisNet_Guest
wap-0563-56,44:12:44:69:bb:41,eduroam
wap-0563-56,44:12:44:69:bb:40,IllinoisNet
wap-0563-57,44:12:44:6b:35:00,IllinoisNet
wap-0563-57,44:12:44:6b:35:01,eduroam
wap-0563-57,44:12:44:6b:35:02,IllinoisNet_Guest
wap-0563-57,44:12:44:6b:34:e0,IllinoisNet
wap-0563-57,44:12:44:6b:34:e1,eduroam
wap-0563-57,44:12:44:6b:34:e2,IllinoisNet_Guest
wap-0563-58,44:12:44:69:58:c0,IllinoisNet
wap-0563-58,44:12:44:69:58:c2,IllinoisNet_Guest
wap-0563-58,44:12:44:69:58:c1,eduroam
wap-0563-58,44:12:44:69:58:a2,IllinoisNet_Guest
wap-0563-58,44:12:44:69:58:a1,eduroam
wap-0563-58,44:12:44:69:58:a0,IllinoisNet
wap-0563-59,44:12:44:6b:68:30,IllinoisNet
wap-0563-59,44:12:44:6b:68:31,eduroam
wap-0563-59,44:12:44:6b:68:32,IllinoisNet_Guest
wap-0563-59,44:12:44:6b:68:12,IllinoisNet_Guest
wap-0563-59,44:12:44:6b:68:11,eduroam
wap-0563-59,44:12:44:6b:68:10,IllinoisNet
wap-0563-60,44:12:44:6e:7b:21,eduroam
wap-0563-60,44:12:44:6e:7b:20,IllinoisNet
wap-0563-60,44:12:44:6e:7b:22,IllinoisNet_Guest
wap-0563-60,44:12:44:6e:7b:02,IllinoisNet_Guest
wap-0563-60,44:12:44:6e:7b:01,eduroam
wap-0563-60,44:12:44:6e:7b:00,IllinoisNet
wap-0563-61,44:12:44:6a:76:80,IllinoisNet
wap-0563-61,44:12:44:6a:76:82,IllinoisNet_Guest
wap-0563-61,44:12:44:6a:76:81,eduroam
wap-0563-61,44:12:44:6a:76:62,IllinoisNet_Guest
wap-0563-61,44:12:44:6a:76:61,eduroam
wap-0563-61,44:12:44:6a:76:60,IllinoisNet
wap-0563-62,44:12:44:6d:3f:90,IllinoisNet
wap-0563-62,44:12:44:6d:3f:91,eduroam
wap-0563-62,44:12:44:6d:3f:92,IllinoisNet_Guest
wap-0563-62,44:12:44:6d:3f:72,IllinoisNet_Guest
wap-0563-62,44:12:44:6d:3f:70,IllinoisNet
wap-0563-62,44:12:44:6d:3f:71,eduroam
wap-0563-63,44:12:44:6c:0b:20,IllinoisNet
wap-0563-63,44:12:44:6c:0b:21,eduroam
wap-0563-63,44:12:44:6c:0b:22,IllinoisNet_Guest
wap-0563-63,44:12:44:6c:0b:00,IllinoisNet
wap-0563-63,44:12:44:6c:0b:02,IllinoisNet_Guest
wap-0563-63,44:12:44:6c:0b:01,eduroam
wap-0563-64,44:12:44:6a:61:e0,IllinoisNet
wap-0563-64,44:12:44:6a:61:e2,IllinoisNet_Guest
wap-0563-64,44:12:44:6a:61:e1,eduroam
wap-0563-64,44:12:44:6a:61:c0,IllinoisNet
wap-0563-64,44:12:44:6a:61:c2,IllinoisNet_Guest
wap-0563-64,44:12:44:6a:61:c1,eduroam
wap-0563-65,44:12:44:6a:15:90,IllinoisNet
wap-0563-65,44:12:44:6a:15:92,IllinoisNet_Guest
wap-0563-65,44:12:44:6a:15:91,eduroam
wap-0563-65,44:12:44:6a:15:72,IllinoisNet_Guest
wap-0563-65,44:12:44:6a:15:71,eduroam
wap-0563-65,44:12:44:6a:15:70,IllinoisNet
wap-0563-66,44:12:44:6a:d9:50,IllinoisNet
wap-0563-66,44:12:44:6a:d9:51,eduroam
wap-0563-66,44:12:44:6a:d9:52,IllinoisNet_Guest
wap-0563-66,44:12:44:6a:d9:30,IllinoisNet
wap-0563-66,44:12:44:6a:d9:32,IllinoisNet_Guest
wap-0563-66,44:12:44:6a:d9:31,eduroam
wap-0563-67,44:12:44:6d:5c:10,IllinoisNet
wap-0563-67,44:12:44:6d:5c:11,eduroam
wap-0563-67,44:12:44:6d:5c:12,IllinoisNet_Guest
wap-0563-67,44:12:44:6d:5b:f0,IllinoisNet
wap-0563-67,44:12:44:6d:5b:f1,eduroam
wap-0563-67,44:12:44:6d:5b:f2,IllinoisNet_Guest
wap-0563-68,44:12:44:6c:84:10,IllinoisNet
wap-0563-68,44:12:44:6c:84:12,IllinoisNet_Guest
wap-0563-68,44:12:44:6c:84:11,eduroam
wap-0563-68,44:12:44:6c:83:f2,IllinoisNet_Guest
wap-0563-68,44:12:44:6c:83:f1,eduroam
wap-0563-68,44:12:44:6c:83:f0,IllinoisNet
wap-0563-69,44:12:44:6d:92:72,IllinoisNet_Guest
wap-0563-69,44:12:44:6d:92:71,eduroam
wap-0563-69,44:12:44:6d:92:70,IllinoisNet
wap-0563-69,44:12:44:6d:92:51,eduroam
wap-0563-69,44:12:44:6d:92:50,IllinoisNet
wap-0563-69,44:12:44:6d:92:52,IllinoisNet_Guest
wap-0563-70,44:12:44:6b:91:70,IllinoisNet
wap-0563-70,44:12:44:6b:91:72,IllinoisNet_Guest
wap-0563-70,44:12:44:6b:91:71,eduroam
wap-0563-70,44:12:44:6b:91:52,IllinoisNet_Guest
wap-0563-70,44:12:44:6b:91:51,eduroam
wap-0563-70,44:12:44:6b:91:50,IllinoisNet
wap-0563-71,44:12:44:6c:d6:62,IllinoisNet_Guest
wap-0563-71,44:12:44:6c:d6:61,eduroam
wap-0563-71,44:12:44:6c:d6:60,IllinoisNet
wap-0563-71,44:12:44:6c:d6:42,IllinoisNet_Guest
wap-0563-71,44:12:44:6c:d6:40,IllinoisNet
wap-0563-71,44:12:44:6c:d6:41,eduroam
wap-0563-72,44:12:44:6d:13:20,IllinoisNet
wap-0563-72,44:12:44:6d:13:21,eduroam
wap-0563-72,44:12:44:6d:13:22,IllinoisNet_Guest
wap-0563-72,44:12:44:6d:13:01,eduroam
wap-0563-72,44:12:44:6d:13:00,IllinoisNet
wap-0563-72,44:12:44:6d:13:02,IllinoisNet_Guest
wap-0563-73,44:12:44:6c:37:c0,IllinoisNet
wap-0563-73,44:12:44:6c:37:c2,IllinoisNet_Guest
wap-0563-73,44:12:44:6c:37:c1,eduroam
wap-0563-73,44:12:44:6c:37:a0,IllinoisNet
wap-0563-73,44:12:44:6c:37:a1,eduroam
wap-0563-73,44:12:44:6c:37:a2,IllinoisNet_Guest
wap-0563-74,44:12:44:6e:97:40,IllinoisNet
wap-0563-74,44:12:44:6e:97:42,IllinoisNet_Guest
wap-0563-74,44:12:44:6e:97:41,eduroam
wap-0563-74,44:12:44:6e:97:22,IllinoisNet_Guest
wap-0563-74,44:12:44:6e:97:21,eduroam
wap-0563-74,44:12:44:6e:97:20,IllinoisNet
wap-0563-75,44:12:44:6e:18:50,IllinoisNet
wap-0563-75,44:12:44:6e:18:52,IllinoisNet_Guest
wap-0563-75,44:12:44:6e:18:51,eduroam
wap-0563-75,44:12:44:6e:18:30,IllinoisNet
wap-0563-75,44:12:44:6e:18:32,IllinoisNet_Guest
wap-0563-75,44:12:44:6e:18:31,eduroam
wap-0563-76,44:12:44:6a:ca:b2,IllinoisNet_Guest
wap-0563-76,44:12:44:6a:ca:b1,eduroam
wap-0563-76,44:12:44:6a:ca:b0,IllinoisNet
wap-0563-76,44:12:44:6a:ca:91,eduroam
wap-0563-76,44:12:44:6a:ca:90,IllinoisNet
wap-0563-76,44:12:44:6a:ca:92,IllinoisNet_Guest
wap-0563-77,44:12:44:6c:cf:40,IllinoisNet
wap-0563-77,44:12:44:6c:cf:42,IllinoisNet_Guest
wap-0563-77,44:12:44:6c:cf:41,eduroam
wap-0563-77,44:12:44:6c:cf:20,IllinoisNet
wap-0563-77,44:12:44:6c:cf:22,IllinoisNet_Guest
wap-0563-77,44:12:44:6c:cf:21,eduroam
wap-0563-78,44:12:44:6b:bd:22,IllinoisNet_Guest
wap-0563-78,44:12:44:6b:bd:20,IllinoisNet
wap-0563-78,44:12:44:6b:bd:21,eduroam
wap-0563-78,44:12:44:6b:bd:00,IllinoisNet
wap-0563-78,44:12:44:6b:bd:02,IllinoisNet_Guest
wap-0563-78,44:12:44:6b:bd:01,eduroam
wap-0563-79,44:12:44:69:a6:c2,IllinoisNet_Guest
wap-0563-79,44:12:44:69:a6:c1,eduroam
wap-0563-79,44:12:44:69:a6:c0,IllinoisNet
wap-0563-79,44:12:44:69:a6:a2,IllinoisNet_Guest
wap-0563-79,44:12:44:69:a6:a1,eduroam
wap-0563-79,44:12:44:69:a6:a0,IllinoisNet
wap-0563-80,44:12:44:6c:98:50,IllinoisNet
wap-0563-80,44:12:44:6c:98:52,IllinoisNet_Guest
wap-0563-80,44:12:44:6c:98:51,eduroam
wap-0563-80,44:12:44:6c:98:32,IllinoisNet_Guest
wap-0563-80,44:12:44:6c:98:31,eduroam
wap-0563-80,44:12:44:6c:98:30,IllinoisNet
wap-0563-81,44:12:44:6e:a3:42,IllinoisNet_Guest
wap-0563-81,44:12:44:6e:a3:40,IllinoisNet
wap-0563-81,44:12:44:6e:a3:41,eduroam
wap-0563-81,44:12:44:6e:a3:20,IllinoisNet
wap-0563-81,44:12:44:6e:a3:21,eduroam
wap-0563-81,44:12:44:6e:a3:22,IllinoisNet_Guest
wap-0563-82,44:12:44:6e:bf:31,eduroam
wap-0563-82,44:12:44:6e:bf:32,IllinoisNet_Guest
wap-0563-82,44:12:44:6e:bf:30,IllinoisNet
wap-0563-82,44:12:44:6e:bf:11,eduroam
wap-0563-82,44:12:44:6e:bf:12,IllinoisNet_Guest
wap-0563-82,44:12:44:6e:bf:10,IllinoisNet
wap-0563-83,44:12:44:6d:82:e2,IllinoisNet_Guest
wap-0563-83,44:12:44:6d:82:e1,eduroam
wap-0563-83,44:12:44:6d:82:e0,IllinoisNet
wap-0563-83,44:12:44:6d:82:c2,IllinoisNet_Guest
wap-0563-83,44:12:44:6d:82:c1,eduroam
wap-0563-83,44:12:44:6d:82:c0,IllinoisNet
wap-0563-84,44:12:44:6a:29:d0,IllinoisNet
wap-0563-84,44:12:44:6a:29:d1,eduroam
wap-0563-84,44:12:44:6a:29:d2,IllinoisNet_Guest
wap-0563-84,44:12:44:6a:29:b0,IllinoisNet
wap-0563-84,44:12:44:6a:29:b1,eduroam
wap-0563-84,44:12:44:6a:29:b2,IllinoisNet_Guest
wap-0563-85,44:12:44:6e:68:c0,IllinoisNet
wap-0563-85,44:12:44:6e:68:c2,IllinoisNet_Guest
wap-0563-85,44:12:44:6e:68:c1,eduroam
wap-0563-85,44:12:44:6e:68:a2,IllinoisNet_Guest
wap-0563-85,44:12:44:6e:68:a1,eduroam
wap-0563-85,44:12:44:6e:68:a0,IllinoisNet
wap-0563-86,44:12:44:6a:0c:02,IllinoisNet_Guest
wap-0563-86,44:12:44:6a:0c:01,eduroam
wap-0563-86,44:12:44:6a:0c:00,IllinoisNet
wap-0563-86,44:12:44:6a:0b:e0,IllinoisNet
wap-0563-86,44:12:44:6a:0b:e1,eduroam
wap-0563-86,44:12:44:6a:0b:e2,IllinoisNet_Guest
wap-0563-87,44:12:44:6c:38:b2,IllinoisNet_Guest
wap-0563-87,44:12:44:6c:38:b1,eduroam
wap-0563-87,44:12:44:6c:38:b0,IllinoisNet
wap-0563-87,44:12:44:6c:38:90,IllinoisNet
wap-0563-87,44:12:44:6c:38:92,IllinoisNet_Guest
wap-0563-87,44:12:44:6c:38:91,eduroam
wap-0563-88,44:12:44:6d:32:72,IllinoisNet_Guest
wap-0563-88,44:12:44:6d:32:70,IllinoisNet
wap-0563-88,44:12:44:6d:32:71,eduroam
wap-0563-88,44:12:44:6d:32:50,IllinoisNet
wap-0563-88,44:12:44:6d:32:51,eduroam
wap-0563-88,44:12:44:6d:32:52,IllinoisNet_Guest
wap-0563-89,44:12:44:6e:75:52,IllinoisNet_Guest
wap-0563-89,44:12:44:6e:75:51,eduroam
wap-0563-89,44:12:44:6e:75:50,IllinoisNet
wap-0563-89,44:12:44:6e:75:32,IllinoisNet_Guest
wap-0563-89,44:12:44:6e:75:31,eduroam
wap-0563-89,44:12:44:6e:75:30,IllinoisNet
wap-0563-90,44:12:44:6b:96:22,IllinoisNet_Guest
wap-0563-90,44:12:44:6b:96:20,IllinoisNet
wap-0563-90,44:12:44:6b:96:21,eduroam
wap-0563-90,44:12:44:6b:96:02,IllinoisNet_Guest
wap-0563-90,44:12:44:6b:96:01,eduroam
wap-0563-90,44:12:44:6b:96:00,IllinoisNet
wap-0563-91,44:12:44:69:e1:40,IllinoisNet
wap-0563-91,44:12:44:69:e1:42,IllinoisNet_Guest
wap-0563-91,44:12:44:69:e1:41,eduroam
wap-0563-91,44:12:44:69:e1:22,IllinoisNet_Guest
wap-0563-91,44:12:44:69:e1:21,eduroam
wap-0563-91,44:12:44:69:e1:20,IllinoisNet
wap-0563-92,44:12:44:6c:70:c0,IllinoisNet
wap-0563-92,44:12:44:6c:70:c2,IllinoisNet_Guest
wap-0563-92,44:12:44:6c:70:c1,eduroam
wap-0563-92,44:12:44:6c:70:a2,IllinoisNet_Guest
wap-0563-92,44:12:44:6c:70:a1,eduroam
wap-0563-92,44:12:44:6c:70:a0,IllinoisNet
wap-0563-93,44:12:44:69:b1:12,IllinoisNet_Guest
wap-0563-93,44:12:44:69:b1:11,eduroam
wap-0563-93,44:12:44:69:b1:10,IllinoisNet
wap-0563-93,44:12:44:69:b0:f2,IllinoisNet_Guest
wap-0563-93,44:12:44:69:b0:f1,eduroam
wap-0563-93,44:12:44:69:b0:f0,IllinoisNet
wap-0563-94,44:12:44:6e:17:92,IllinoisNet_Guest
wap-0563-94,44:12:44:6e:17:90,IllinoisNet
wap-0563-94,44:12:44:6e:17:91,eduroam
wap-0563-94,44:12:44:6e:17:70,IllinoisNet
wap-0563-94,44:12:44:6e:17:72,IllinoisNet_Guest
wap-0563-94,44:12:44:6e:17:71,eduroam
wap-0563-95,44:12:44:69:88:62,IllinoisNet_Guest
wap-0563-95,44:12:44:69:88:61,eduroam
wap-0563-95,44:12:44:69:88:60,IllinoisNet
wap-0563-95,44:12:44:69:88:41,eduroam
wap-0563-95,44:12:44:69:88:40,IllinoisNet
wap-0563-95,44:12:44:69:88:42,IllinoisNet_Guest
wap-0563-96,44:12:44:6a:a6:82,IllinoisNet_Guest
wap-0563-96,44:12:44:6a:a6:80,IllinoisNet
wap-0563-96,44:12:44:6a:a6:81,eduroam
wap-0563-96,44:12:44:6a:a6:60,IllinoisNet
wap-0563-96,44:12:44:6a:a6:61,eduroam
wap-0563-96,44:12:44:6a:a6:62,IllinoisNet_Guest
wap-0563-97,44:12:44:69:b6:82,IllinoisNet_Guest
wap-0563-97,44:12:44:69:b6:81,eduroam
wap-0563-97,44:12:44:69:b6:80,IllinoisNet
wap-0563-97,44:12:44:69:b6:62,IllinoisNet_Guest
wap-0563-97,44:12:44:69:b6:61,eduroam
wap-0563-97,44:12:44:69:b6:60,IllinoisNet
wap-0563-98,44:12:44:6e:bd:20,IllinoisNet
wap-0563-98,44:12:44:6e:bd:22,IllinoisNet_Guest
wap-0563-98,44:12:44:6e:bd:21,eduroam
wap-0563-98,44:12:44:6e:bd:02,IllinoisNet_Guest
wap-0563-98,44:12:44:6e:bd:01,eduroam
wap-0563-98,44:12:44:6e:bd:00,IllinoisNet
wap-0563-99,44:12:44:6b:ef:f1,eduroam
wap-0563-99,44:12:44:6b:ef:f2,IllinoisNet_Guest
wap-0563-99,44:12:44:6b:ef:f0,IllinoisNet
wap-0563-99,44:12:44:6b:ef:d2,IllinoisNet_Guest
wap-0563-99,44:12:44:6b:ef:d1,eduroam
wap-0563-99,44:12:44:6b:ef:d0,IllinoisNet
wapo-0563-01,cc:88:c7:74:69:f2,IllinoisNet
wapo-0563-01,cc:88:c7:74:69:f1,eduroam
wapo-0563-01,cc:88:c7:74:69:f0,IllinoisNet_Guest
wapo-0563-01,cc:88:c7:74:69:e2,IllinoisNet
wapo-0563-01,cc:88:c7:74:69:e1,eduroam
wapo-0563-01,cc:88:c7:74:69:e0,IllinoisNet_Guest
wapo-0563-02,48:2f:6b:83:1a:91,eduroam
wapo-0563-02,48:2f:6b:83:1a:92,IllinoisNet
wapo-0563-02,48:2f:6b:83:1a:90,IllinoisNet_Guest
wapo-0563-02,48:2f:6b:83:1a:80,IllinoisNet_Guest
wapo-0563-02,48:2f:6b:83:1a:81,eduroam
wapo-0563-02,48:2f:6b:83:1a:82,IllinoisNet
wapo-0563-03,cc:88:c7:74:89:51,eduroam
wapo-0563-03,cc:88:c7:74:89:52,IllinoisNet
wapo-0563-03,cc:88:c7:74:89:50,IllinoisNet_Guest
wapo-0563-03,cc:88:c7:74:89:42,IllinoisNet
wapo-0563-03,cc:88:c7:74:89:41,eduroam
wapo-0563-03,cc:88:c7:74:89:40,IllinoisNet_Guest
wapo-0563-04,c8:b5:ad:ae:b0:71,eduroam
wapo-0563-04,c8:b5:ad:ae:b0:70,IllinoisNet_Guest
wapo-0563-04,c8:b5:ad:ae:b0:72,IllinoisNet
wapo-0563-04,c8:b5:ad:ae:b0:62,IllinoisNet
wapo-0563-04,c8:b5:ad:ae:b0:61,eduroam
wapo-0563-04,c8:b5:ad:ae:b0:60,IllinoisNet_Guest
